Type,Post Date,Description,Amount
DEBIT,11/15/2012,"DERAILLEURHANGER.CO 404-419-6543 CO          11/15",-28.00
DEBIT,11/15/2012,"ATM WITHDRAWAL                       006198  11/15833 MISSI",-400.00
DSLIP,11/14/2012,"DEPOSIT  ID NUMBER 165270",400.00
CREDIT,11/13/2012,"Online Transfer from  CHK ...1899 transaction#: 2961022983",26.00
DEBIT,11/13/2012,"CAFE VENUE SAN FRANCISCO CA                  11/10",-7.86
DEBIT,11/13/2012,"SUBWAY        032842 SAN FRANCISCO CA        11/11",-5.43
DEBIT,11/07/2012,"SPECIALTY'S CAFE & B SAN FRANCISCO CA        11/05",-4.99
DEBIT,11/05/2012,"CVS 02852 02852--731 SAN FRANCISCO CA412279  11/04",-4.90
DEBIT,11/02/2012,"MO'Z CAFE SAN FRANCISCO CA                   10/31",-9.55
DEBIT,11/01/2012,"MO'Z CAFE SAN FRANCISCO CA                   10/30",-10.68
DEBIT,11/01/2012,"TARGET T2766 SAN FRANCISCO CA        011233  10/31",-5.65
DEBIT,10/30/2012,"CALTRAIN TVM QPS SAN CARLOS CA               10/28",-3.00
DEBIT,10/30/2012,"THE CREAMERY SAN FRANCISCO CA                10/28",-9.20
DEBIT,10/30/2012,"CALTRAIN TVM QPS SAN CARLOS CA               10/28",-3.00
DEBIT,10/29/2012,"THE ORGANIC COFFEE C SAN FRANCISCO CA        10/24",-3.95
DEBIT,10/29/2012,"BLUE BOTTLE CAF  - M SAN FRANCISCO CA        10/26",-12.21
DEBIT,10/29/2012,"COLE HARDWARE SAN FRANCISCO CA               10/26",-8.24
DEBIT,10/29/2012,"SUPER DUPER BURGER SAN FRANCISCO CA          10/26",-11.70
DEBIT,10/29/2012,"CAFE VENUE SAN FRANCISCO CA                  10/27",-4.10
DEBIT,10/29/2012,"COLE HARDWARE SAN FRANCISCO CA               10/27",-7.58
DEBIT,10/29/2012,"SONOMA LIQUORS CO SAN FRANCISCO CA   903117  10/27",-12.00
DEBIT,10/29/2012,"Online Transfer to  CHK ...1899 transaction#: 2934644309 10/29",-300.00
DEBIT,10/29/2012,"SUPER DUPER BURGER SAN FRANCISCO CA          10/28",-7.80
DEBIT,10/26/2012,"COLE HARDWARE SAN FRANCISCO CA               10/25",-15.18
DEBIT,10/26/2012,"FANDANGO.COM FANDANGO.COM CA                 10/26",-13.50
DEBIT,10/26/2012,"TARGET T2766 SAN FRANCISCO CA        012623  10/26",-17.66
DEBIT,10/25/2012,"SPECIALTY'S CAFE & B SAN FRANCISCO CA        10/23",-4.99
DEBIT,10/24/2012,"MO'Z CAFE SAN FRANCISCO CA                   10/22",-11.39
DEBIT,10/24/2012,"CHIPOTLE 0138 SAN FRANCISCO CA               10/23",-9.93
DEBIT,10/24/2012,"TARGET T2766 SAN FRANCISCO CA        016094  10/24",-17.80
DEBIT,10/24/2012,"SY8 COLE HARDWARE  6 SAN FRANCISCO CA001572  10/24",-27.10
DEBIT,10/24/2012,"TARGET T2766 SAN FRANCISCO CA        018256  10/24",-23.64
DEBIT,10/24/2012,"SONOMA LIQUORS CO SAN FRANCISCO CA   785664  10/24",-11.99
DSLIP,10/22/2012,"DEPOSIT  ID NUMBER 570033",500.00
DEBIT,10/19/2012,"TARGET T2766 SAN FRANCISCO CA        043944  10/19",-74.61
DEBIT,10/18/2012,"SUBWAY        032842 SAN FRANCISCO CA        10/17",-5.43
DEBIT,10/17/2012,"SPECIALTY'S CAFE & B SAN FRANCISCO CA        10/15",-7.58
DEBIT,10/17/2012,"BLUE BOTTLE CAF  - M SAN FRANCISCO CA        10/16",-2.75
DEBIT,10/17/2012,"CARAMBA SAN FRANCISCO CA                     10/16",-6.46
DEBIT,10/17/2012,"JAMBA JUICE #138 SAN FRANCISCO CA            10/16",-4.99
DEBIT,10/17/2012,"SY8 COLE HARDWARE  7 SAN FRANCISCO CA001309  10/17",-31.03
DEBIT,10/16/2012,"CHIPOTLE 0138 SAN FRANCISCO CA               10/15",-7.54
DEBIT,10/16/2012,"TARGET T2766 SAN FRANCISCO CA        020330  10/16",-154.76
DEBIT,10/15/2012,"SUBWAY        032842 SAN FRANCISCO CA        10/11",-7.69
DEBIT,10/15/2012,"FC COLMA 34 COLMA CA                         10/12",-11.36
DEBIT,10/15/2012,"SAFEWAY  STORE  3031 DALY CITY CA    031457  10/12",-11.16
DEBIT,10/15/2012,"MCDONALD'S F3171 SAN FRANCISCO CA            10/13",-6.86
DEBIT,10/15/2012,"STARBUCKS CORP000548 SAN FRANCISCO CA        10/14",-6.50
DEBIT,10/15/2012,"ATM WITHDRAWAL                       001997  10/14926 TARAV",-100.00
CREDIT,10/12/2012,"CONCEPTZURE LLC  356I                       PPD ID: 1364350777",84.60
DEBIT,10/12/2012,"LEE'S DELI SAN FRANCISCO CA                  10/11",-6.34
DEBIT,10/11/2012,"LEE'S DELI SAN FRANCISCO CA                  10/10",-8.30
DEBIT,10/10/2012,"STARBUCKS CORP000060 SAN FRANCISCO CA        10/09",-5.80
DEBIT,10/10/2012,"AMITY MARKET SAN FRANCISCO CA        990435  10/09",-3.00
DEBIT,10/09/2012,"GYRO KING INC SAN FRANCISCO CA               10/06",-7.54
DEBIT,10/09/2012,"WALGREENS 116 NEW MO SAN FRANCISCO CA509623  10/06",-4.38
DEBIT,10/09/2012,"ATM WITHDRAWAL                       000028  10/06595 MARKE",-80.00
DEBIT,10/09/2012,"WALGREENS 3001 TARAV SAN FRANCISCO CA934090  10/08",-9.98
DEBIT,10/09/2012,"SUBWAY        032842 SAN FRANCISCO CA        10/09",-5.75
DEBIT,10/09/2012,"ATM WITHDRAWAL                       000373  10/08595 MARKE",-400.00
DEBIT,10/05/2012,"MCDONALD'S F3171 SAN FRANCISCO CA            10/03",-4.33
DEBIT,10/05/2012,"LEE'S DELI SAN FRANCISCO CA                  10/04",-15.91
DEBIT,10/05/2012,"CHIPOTLE 0138 SAN FRANCISCO CA               10/04",-7.54
DEBIT,10/04/2012,"SPECIALTY'S CAFE & B SAN FRANCISCO CA        10/02",-4.99
DEBIT,10/04/2012,"HARVEST & ROWE SAN FRANCISCO CA              10/03",-4.25
DEBIT,10/02/2012,"JAVA BEACH AT THE ZO SAN FRANCISCO CA        09/30",-6.25
DEBIT,10/02/2012,"THE MELT-NEW MONTG SAN FRANCISCO CA          10/01",-5.53
DEBIT,10/02/2012,"SUBWAY        032842 SAN FRANCISCO CA        10/01",-7.02
DEBIT,10/02/2012,"CLIPPER SERVICE #310 SAN FRANCISCO CA        10/01",-23.00
DEBIT,10/02/2012,"AMITY MARKET SAN FRANCISCO CA        999256  10/02",-3.25
DEBIT,10/01/2012,"THE MELT-NEW MONTG SAN FRANCISCO CA          09/28",-6.15
DEBIT,10/01/2012,"BROADWAY STUDIOS SAN FRANCISCO CA            09/29",-7.00
DEBIT,10/01/2012,"MCDONALD'S F3171 SAN FRANCISCO CA            09/30",-8.44
DEBIT,10/01/2012,"7-ELEVEN SAN FRANCISCO CA            955102  10/01",-3.24
CREDIT,09/28/2012,"CONCEPTZURE LLC  356I                       PPD ID: 1364350777",104.40
DEBIT,09/25/2012,"CAMERONS RESTAURANT HALF MOON BAY CA         09/21",-9.00
DEBIT,09/25/2012,"ATM WITHDRAWAL                       001305  09/24595 MARKE",-300.00
DSLIP,09/24/2012,"DEPOSIT  ID NUMBER  79218",780.00
DEBIT,09/24/2012,"GHERKINS SANDWICH SHOP MONTARA CA            09/20",-12.49
DEBIT,09/24/2012,"TARGET T1054 San Bruno CA            007424  09/22",-50.28
DEBIT,09/24/2012,"TARGET T1054 San Bruno CA            059735  09/22",-37.86
DEBIT,09/24/2012,"MCDONALD'S F3171 SAN FRANCISCO CA            09/22",-7.33
DEBIT,09/24/2012,"ATM WITHDRAWAL                       003097  09/22700 MARKE",-300.00
DEBIT,09/24/2012,"SQ *MOMI TOBY?S CAFE SF CA                   09/23",-3.85
DEBIT,09/21/2012,"POINT MONTARA HOSTEL MONTARA CA              09/19",-79.00
DEBIT,09/20/2012,"MARSH #209 INDIANAPOLIS IN                   09/18",-7.06
DEBIT,09/20/2012,"SUBWAY        002589 SAN FRANCISCO CA        09/19",-5.43
DEBIT,09/20/2012,"SAFEWAY  STORE  0304 PACIFICA CA     029708  09/19",-19.28
DEBIT,09/19/2012,"YATS ON MASS INDIANAPOLIS IN                 09/17",-7.25
DEBIT,09/19/2012,"BOURBON ST DISTILLERY INDIANAPOLIS IN        09/17",-1.00
DEBIT,09/19/2012,"INDIANAPOLIS YELLOW C INDIANAPOLIS IN        09/18",-39.00
DEBIT,09/19/2012,"FRONTIER AI 422260119 INDIANAPOLIS OK        09/18",-20.00
DEBIT,09/19/2012,"BART SFIA 5104646979 CA                      09/18",-40.00
DEBIT,09/18/2012,"WITHDRAWAL 09/18",-600.00
CREDIT,09/17/2012,"ATM CASH DEPOSIT",120.00
DSLIP,09/17/2012,"DEPOSIT  ID NUMBER 308109",1000.00
DEBIT,09/17/2012,"SQ *3 DAYS IN PARIS Indianapolis IN          09/14",-7.50
DEBIT,09/17/2012,"MARATHON PETRO014191 INDIANAPOLIS IN         09/14",-15.01
DEBIT,09/17/2012,"KILROY'S BAR & GRILL INDIANAPOLIS IN         09/14",-4.00
DEBIT,09/17/2012,"Amazon.com AMZN.COM/BILL WA                  09/15",-29.52
DEBIT,09/17/2012,"GALLAHAN TRAVEL PLAZ PERU IN                 09/15",-15.25
DEBIT,09/17/2012,"FREEDOM EXPRESS #3 BOURBON IN                09/15",-19.99
DEBIT,09/17/2012,"DOWNTOWN 66 INDIANAPOLIS IN                  09/16",-33.95
DSLIP,09/14/2012,"DEPOSIT  ID NUMBER 451472",524.46
DEBIT,09/13/2012,"YATS ON MASS INDIANAPOLIS IN                 09/11",-7.75
DEBIT,09/13/2012,"SCOTTY'S BREWHOUSE INDIANAPOLIS IN           09/11",-11.63
DEBIT,09/12/2012,"PEARL STREET PIZZE INDIANAPOLIS IN           09/11",-3.82
DEBIT,09/12/2012,"Online Transfer to  CHK ...1899 transaction#: 2860068715 09/12",-200.00
CREDIT,09/10/2012,"ATM CASH DEPOSIT",300.00
DEBIT,09/10/2012,"MO'JOE COFFEEHOUSE INDIANAPOLIS IN           09/08",-3.67
DEBIT,09/10/2012,"MARSH #209 INDIANAPOLIS IN           917411  09/09",-49.08
DEBIT,09/07/2012,"YATS ON MASS INDIANAPOLIS IN                 09/05",-7.25
DEBIT,09/07/2012,"BREMEN AMOCO BREMEN IN               740134  09/07",-24.68
DEBIT,09/06/2012,"GODADDY.COM 480-5058855 AZ                   09/04",-13.17
DEBIT,09/06/2012,"HENRYS ON EAST INDIANAPOLIS IN               09/05",-3.78
DEBIT,09/06/2012,"ARBY'S #5497  00054973 CARMEL IN             09/05",-8.59
DEBIT,09/05/2012,"SUBWAY        0028601 INDIANAPOLIS IN        09/04",-9.27
DEBIT,09/05/2012,"STARBUCKS CORP0002551 INDIANAPOLIS IN        09/04",-8.18
DEBIT,09/05/2012,"TACO BELL/PIZZA HUT25 INDIANAPOLIS IN        09/04",-6.09
DEBIT,09/04/2012,"LITTLE CAESARS 0009 INDIANAPOLIS IN          09/01",-5.45
DEBIT,09/04/2012,"STARBUCKS CORP0013376 INDIANAPOLIS IN        09/03",-3.54
DEBIT,09/04/2012,"WHICH WICH #170 INDIANAPOLIS IN              09/03",-15.10
DEBIT,09/04/2012,"DOWNTOWN 66 INDIANAPOLIS IN          270619  09/04",-24.13
CREDIT,08/31/2012,"ATM CHECK DEPOSIT",318.00
DEBIT,08/27/2012,"EARTH HOUSE CAFE INDIANAPOLIS IN             08/23",-3.91
DEBIT,08/27/2012,"DJS HOTDOG COMPANY INDIANAPOLIS IN           08/23",-10.11
DEBIT,08/27/2012,"STACKED PICKLE INDIANAPOLIS IN               08/23",-10.64
DEBIT,08/27/2012,"THE PUB INDIANAPOLIS INDIANAPOLIS IN         08/23",-4.75
DEBIT,08/27/2012,"EARTH HOUSE CAFE INDIANAPOLIS IN             08/24",-9.09
DEBIT,08/27/2012,"MACNIVENS RESTAURANT INDIANAPOLIS IN         08/24",-14.53
DEBIT,08/27/2012,"POTBELLY'S #503 INDIANAPOLIS IN              08/25",-8.39
DEBIT,08/27/2012,"MARSH #209 INDIANAPOLIS IN           559287  08/26",-17.01
DEBIT,08/24/2012,"EARTH HOUSE CAFE INDIANAPOLIS IN             08/21",-3.91
DEBIT,08/24/2012,"EARTH HOUSE CAFE INDIANAPOLIS IN             08/22",-1.91
DEBIT,08/23/2012,"ATM WITHDRAWAL                       001323  08/2320 W 16TH",-40.00
DEBIT,08/22/2012,"EARTH HOUSE CAFE INDIANAPOLIS IN             08/20",-3.99
DEBIT,08/22/2012,"BOURBON ST DISTILLERY INDIANAPOLIS IN        08/21",-26.00
DEBIT,08/22/2012,"SUBWAY        0028601 INDIANAPOLIS IN        08/21",-6.54
DEBIT,08/20/2012,"MOUSE TRAP INDIANAPOLIS IN                   08/17",-4.50
DEBIT,08/20/2012,"MOUSE TRAP INDIANAPOLIS IN                   08/17",-3.50
DEBIT,08/20/2012,"MOUSE TRAP INDIANAPOLIS IN                   08/17",-4.00
DEBIT,08/20/2012,"GOODWILL INDUSTRIES # INDIANAPOLIS IN        08/17",-8.52
DEBIT,08/20/2012,"L2GIN BMV BRANCH #234 888-692-6841 IN        08/18",-26.00
DEBIT,08/20/2012,"YATS ON MASS INDIANAPOLIS IN                 08/18",-6.25
DEBIT,08/20/2012,"STARBUCKS CORP0002551 INDIANAPOLIS IN        08/19",-2.51
DEBIT,08/20/2012,"MIDLAND ARTS & ANTIQU INDIANAPOLIS IN        08/19",-26.75
DEBIT,08/20/2012,"POTBELLY'S #503 INDIANAPOLIS IN              08/19",-9.70
DEBIT,08/20/2012,"MIDLAND ARTS & ANTIQU INDIANAPOLIS IN        08/19",-72.76
DEBIT,08/20/2012,"MARSH #209 INDIANAPOLIS IN           982822  08/19",-27.29
DEBIT,08/17/2012,"FEDEX 078060479607 800-4633339 TN            08/17",-1.81
DSLIP,08/16/2012,"DEPOSIT  ID NUMBER 530534",384.00
DEBIT,08/16/2012,"CROWN LIQUOR #14 INDIANAPOLIS IN             08/14",-9.62
DEBIT,08/16/2012,"FEDEX 468807015090855 800-4633339 TN         08/16",-11.27
DEBIT,08/16/2012,"Amazon.com AMZN.COM/BILL WA                  08/15",-35.64
DEBIT,08/16/2012,"DOWNTOWN 66 INDIANAPOLIS IN          776361  08/16",-5.69
DEBIT,08/14/2012,"BREMEN POST 8972 VFW BREMEN IN               08/11",-8.71
DEBIT,08/13/2012,"JIFFY LUBE #2417 NOBLESVILLE IN              08/10",-51.98
DEBIT,08/13/2012,"GALLAHAN TRAVEL PLAZ PERU IN                 08/10",-15.31
DEBIT,08/13/2012,"BREMEN PARTY PACK BREMEN IN                  08/11",-25.66
DSLIP,08/10/2012,"DEPOSIT  ID NUMBER 351628",63.00
CREDIT,08/10/2012,"Online Transfer from  CHK ...1899 transaction#: 2809916362",70.00
DEBIT,08/10/2012,"MARSH #209 INDIANAPOLIS IN                   08/08",-25.00
DEBIT,08/09/2012,"EARTH HOUSE CAFE INDIANAPOLIS IN             08/07",-3.00
DEBIT,08/06/2012,"POTBELLY'S #503 INDIANAPOLIS IN              08/03",-7.19
DEBIT,08/06/2012,"HENRYS ON EAST INDIANAPOLIS IN               08/04",-9.76
DEBIT,08/06/2012,"FRESCO INDIANAPOLIS IN                       08/04",-4.91
DEBIT,08/06/2012,"SUBWAY        0001444 INDIANAPOLIS IN        08/04",-6.81
DEBIT,08/06/2012,"ATM WITHDRAWAL                       008385  08/041 E OHIO",-40.00
DEBIT,08/06/2012,"CROWN LIQUOR #14 INDIANAPOLIS IN             08/04",-10.69
DEBIT,08/06/2012,"MARSH #209 INDIANAPOLIS IN           935972  08/05",-73.99
DEBIT,08/06/2012,"Online Transfer to  CHK ...1899 transaction#: 2800636406 08/06",-75.00
DEBIT,08/06/2012,"GOODWILL INDUSTRIES 1 INDIANAPOLIS IN        08/05",-29.90
DEBIT,08/06/2012,"TARGET T2391 INDIANAPOLIS IN         031148  08/05",-13.18
DSLIP,08/03/2012,"DEPOSIT  ID NUMBER 931501",324.00
DEBIT,08/03/2012,"AT&T MOBILITY II LLC INDIANAPOLIS IN 749605  08/03",-26.75
DEBIT,07/23/2012,"CROWN LIQUOR #14 INDIANAPOLIS IN             07/19",-10.69
DEBIT,07/23/2012,"EARTH HOUSE CAFE INDIANAPOLIS IN             07/20",-1.91
DEBIT,07/23/2012,"HENRYS ON EAST INDIANAPOLIS IN               07/20",-4.58
DEBIT,07/23/2012,"Online Transfer to  CHK ...1899 transaction#: 2777503344 07/23",-3.00
DEBIT,07/23/2012,"MARSH #209 INDIANAPOLIS IN           620612  07/22",-17.31
DEBIT,07/20/2012,"STARBUCKS CORP000242 IND        07/19STARBUCKS",-2.02
DEBIT,07/19/2012,"YATS ON MASS INDIANAPOLI        07/17YATS ON M",-8.25
DEBIT,07/19/2012,"CROWN LIQUOR #14 INDIANA        07/17CROWN LIQ",-16.04
DEBIT,07/19/2012,"STEAK-N-SHAKE#0258 Q IND        07/18STEAK-N-S",-9.03
DEBIT,07/19/2012,"MARSH #209 INDIANAPOLIS 206642  07/19MARSH #20",-5.01
DEBIT,07/17/2012,"EARTH HOUSE CAFE INDIANA        07/14EARTH HOU",-9.54
DEBIT,07/17/2012,"DORMAN STREET SALOON IND        07/15DORMAN ST",-17.00
DEBIT,07/17/2012,"STARBUCKS CORP000255 IND        07/16STARBUCKS",-1.69
DEBIT,07/16/2012,"MASS. AVENUE PUB INDIANA        07/12MASS. AVE",-8.00
DEBIT,07/16/2012,"HENRYS ON EAST INDIANAPO        07/13HENRYS ON",-2.73
DEBIT,07/16/2012,"STARBUCKS CORP000255 IND        07/13STARBUCKS",-2.89
DEBIT,07/16/2012,"MARSH #209 INDIANAPOLIS 032344  07/14MARSH #20",-46.93
DEBIT,07/16/2012,"MARSH #209 INDIANAPOLIS         07/14MARSH #20",-20.27
DEBIT,07/16/2012,"FAMILY DOLLAR #5391 INDI804481  07/15FAMILY DO",-2.68
DEBIT,07/16/2012,"TACO BELL/PIZZA HUT2 IND        07/15TACO BELL",-6.09
DEBIT,07/13/2012,"STARBUCKS CORP000242 IND        07/12STARBUCKS",-0.55
DEBIT,07/12/2012,"CROWN LIQUOR # 9 INDIANA        07/10CROWN LIQ",-16.04
DEBIT,07/09/2012,"SHELL OIL 57442108908 WE        07/06SHELL OIL",-20.00
DEBIT,07/09/2012,"AT&T MOBILITY II LLC IND256336  07/09AT&T MOBI",-29.95
DSLIP,07/06/2012,"DEPOSIT  ID NUMBER 562132",266.00
DEBIT,07/06/2012,"CROWN LIQUOR # 9 INDIANA        07/04CROWN LIQ",-13.90
DEBIT,07/05/2012,"LOCKERBIE PUB INDIANAPOL        07/04LOCKERBIE",-3.00
CREDIT,07/03/2012,"Online Transfer from  MMA ...2347 transaction#: 2749455624",20.00
CREDIT,07/03/2012,"Online Transfer from  MMA ...2347 transaction#: 2749456279",5.00
DEBIT,07/03/2012,"HENRYS ON EAST INDIANAPO        07/02HENRYS ON",-2.13
CREDIT,07/02/2012,"Online Transfer from  CHK ...1899 transaction#: 2744214981",40.00
DEBIT,07/02/2012,"DJS HOTDOG COMPANY INDIA        06/28DJS HOTDO",-7.72
DEBIT,07/02/2012,"FEDEX 46880701508562 800        06/30FEDEX 468",-16.77
DEBIT,07/02/2012,"FEDEX 078056692086 800-4        07/01FEDEX 078",-1.81
DEBIT,07/02/2012,"CROWN LIQUOR # 9 INDIANA        06/28CROWN LIQ",-9.62
DEBIT,07/02/2012,"SHORT STOP GAS MINI INDI        06/29SHORT STO",-14.06
DEBIT,07/02/2012,"STARBUCKS CORP000282 IND        06/30STARBUCKS",-1.80
DEBIT,07/02/2012,"STARBUCKS CORP000282 IND        06/30STARBUCKS",-0.55
DEBIT,07/02/2012,"PEARL STREET PIZZE INDIA        06/30PEARL STR",-17.44
DEBIT,07/02/2012,"PEARL STREET PIZZE INDIA        06/30PEARL STR",-12.00
DEBIT,07/02/2012,"FUSEKS TRUE VALUE INDIAN        07/01FUSEKS TR",-20.32
DEBIT,07/02/2012,"DOWNTOWN 66 INDIANAPOLIS900111  07/02DOWNTOWN",-14.84
DEBIT,06/29/2012,"HENRYS ON EAST INDIANAPO        06/28HENRYS ON",-2.13
CREDIT,06/28/2012,"Online Transfer from  CHK ...1899 transaction#: 2739557746",40.00
DEBIT,06/28/2012,"TACO BELL/PIZZA HUT2 IND        06/27TACO BELL",-6.71
CREDIT,06/27/2012,"Online Transfer from  CHK ...1899 transaction#: 2737875934",40.00
CREDIT,06/26/2012,"SERVICE FEE REVERSAL",25.00
CREDIT,06/26/2012,"SERVICE FEE REVERSAL",25.00
DEBIT,06/22/2012,"SERVICE FEE",-25.00
DEBIT,05/22/2012,"SERVICE FEE",-25.00
DEBIT,04/23/2012,"ROSE HILL WINE & SPIRIT         04/19ROSE HILL",-22.49
DEBIT,04/23/2012,"EVERYDAY #5700 BOULDER C        04/20EVERYDAY",-3.80
DEBIT,04/23/2012,"BOVAS PANTRY & DELI BOUL        04/21BOVAS PAN",-7.88
DEBIT,04/20/2012,"JIMMY JOHN'S # 732 INDIA        04/18JIMMY JOH",-6.27
CREDIT,04/19/2012,"Online Transfer from  MMA ...9034 transaction#: 2630479057",25.00
DEBIT,04/19/2012,"MCDONALD'S F14422 INDIAN        04/17MCDONALD'",-3.46
DEBIT,04/19/2012,"ROBERTS INDIANAPOLIS IN         04/18ROBERTS I",-20.59
DEBIT,04/17/2012,"MO'JOE COFFEEHOUSE INDIA        04/15MO'JOE CO",-5.65
DEBIT,04/17/2012,"NNT CROWN LIQUOR # 6 IND154641  04/16NNT CROWN",-9.62
DEBIT,04/17/2012,"TACO BELL/PIZZA HUT2 IND        04/17TACO BELL",-4.23
DEBIT,04/17/2012,"TRANSFER TO MMA XXXXX9034 04/17",-25.00
DEBIT,04/17/2012,"IUPUI UNION BS# 420 INDI123955  04/17IUPUI UNI",-5.35
DEBIT,04/17/2012,"IUPUI UNION BS# 420 INDI501839  04/17IUPUI UNI",-0.81
CREDIT,04/16/2012,"ATM CHECK DEPOSIT",86.08
DEBIT,04/09/2012,"MCDONALD'S F14422 INDIAN        04/06MCDONALD'",-6.53
DEBIT,04/09/2012,"HOOPLES TAVERN BREMEN IN        04/06HOOPLES T",-40.00
DEBIT,04/06/2012,"SPEEDWAY 03761 IND INDIA        04/05SPEEDWAY",-25.04
DEBIT,04/06/2012,"CHARTWELLS @ I281147 IND        04/05CHARTWELL",-7.37
DEBIT,04/05/2012,"MCDONALD'S F14422 INDIAN        04/03MCDONALD'",-8.13
DEBIT,04/05/2012,"NNT CROWN LIQUOR # 5 IND132701  04/05NNT CROWN",-18.70
DEBIT,04/05/2012,"IUPUI UNION BS# 420 INDI160345  04/05IUPUI UNI",-0.81
CREDIT,04/04/2012,"ATM CHECK DEPOSIT",224.54
DEBIT,04/04/2012,"ATM WITHDRAWAL          009952  04/03799 BARNH",-40.00
DEBIT,04/04/2012,"CVS 06604 INDIANA IN    003643  04/04CVS 06604",-16.03
DEBIT,04/04/2012,"IUPUI UNION BS# 420 INDI043707  04/04IUPUI UNI",-1.82
DEBIT,04/02/2012,"CROWN LIQUOR # 9 INDIANA        03/29CROWN LIQ",-24.60
CHECK,04/02/2012,"CHECK 9992 ",-451.50
DEBIT,04/02/2012,"INSUFFICIENT FUNDS FEE FOR CHECK #9992 IN THE AMOUNT OF $451.50",-34.00
CREDIT,03/29/2012,"ATM CASH DEPOSIT",120.00
DEBIT,03/29/2012,"Transfer to CHK XXXXX6798 03/29",-100.00
DEBIT,03/29/2012,"Transfer to SAV XXXXXX6974 03/29",-25.00
DEBIT,03/26/2012,"CROWN LIQUOR # 9 INDIANA        03/22CROWN LIQ",-10.69
DEBIT,03/26/2012,"STARBUCKS CORP000249 IND        03/23STARBUCKS",-2.02
DEBIT,03/26/2012,"IUPUI UNION BS# 420 INDI927651  03/24IUPUI UNI",-0.81
DEBIT,03/26/2012,"QUIZNOS SUB 5890   Q IND        03/24QUIZNOS S",-9.13
DEBIT,03/26/2012,"Online Payment 2589044054 To Gary Brazitis 03/26",-451.50
DEBIT,03/26/2012,"WBS BROAD RIPPLE INDIANA        03/25WBS BROAD",-4.75
DEBIT,03/26/2012,"ROCK LOBSTER INDIANAPOLI        03/25ROCK LOBS",-35.50
DEBIT,03/26/2012,"IUPUI UNION BS# 420 INDI211220  03/25IUPUI UNI",-0.81
DEBIT,03/26/2012,"TACO BELL/PIZZA HUT2 IND        03/25TACO BELL",-6.53
DEBIT,03/26/2012,"WITHDRAWAL 03/26",-20.00
DEBIT,03/26/2012,"IUPUI UNION BS# 420 INDI362815  03/26IUPUI UNI",-0.81
DSLIP,03/23/2012,"DEPOSIT  ID NUMBER 461420",500.00
DEBIT,03/23/2012,"BAZBEAUX PIZZA #2 INDIAN        03/21BAZBEAUX",-9.27
DSLIP,03/21/2012,"DEPOSIT  ID NUMBER 461156",90.00
DEBIT,03/21/2012,"DAVE & BUSTERS #57 INDIA        03/19DAVE & BU",-8.77
DEBIT,03/21/2012,"BOURBON ST DISTILLER IND        03/20BOURBON S",-25.21
DEBIT,03/21/2012,"GLI*GREYHOUNDLINES15 214        03/21GLI*GREYH",-178.99
DSLIP,03/19/2012,"DEPOSIT  ID NUMBER 461113",196.32
DEBIT,03/19/2012,"IUPUI UNION BS# 420 INDI026473  03/19IUPUI UNI",-4.64
DEBIT,03/15/2012,"TRANSFER TO SAV XXXXX9034 03/15",-25.00
DEBIT,03/09/2012,"CROWN LIQUOR # 9 INDIANA        03/07CROWN LIQ",-14.97
CREDIT,03/08/2012,"Online Transfer from  SAV ...9034 transaction#: 2564612492",5.00
DEBIT,03/05/2012,"NOODLES & COMPANY 90 IND        03/03NOODLES &",-1.47
DEBIT,03/05/2012,"WHITE CASTLE  050011 IND        03/04WHITE CAS",-8.74
DEBIT,03/05/2012,"ATM WITHDRAWAL          009911  03/052600 W MI",-40.00
DSLIP,03/02/2012,"DEPOSIT  ID NUMBER 911876",71.23
DEBIT,03/02/2012,"MASS APPEAL INDIANAPOLIS        02/29MASS APPE",-30.00
DEBIT,03/01/2012,"IUPUI UNION BS# 420 INDI242002  03/01IUPUI UNI",-2.94
DEBIT,02/29/2012,"CHARTWELLS @ I281147 IND        02/28CHARTWELL",-5.99
DSLIP,02/28/2012,"DEPOSIT  ID NUMBER 701285",500.00
DEBIT,02/28/2012,"WAFFLE HOUSE OF BLOO BLO        02/25WAFFLE HO",-15.28
DEBIT,02/27/2012,"STARBUCKS CORP000249 IND        02/24STARBUCKS",-2.02
DEBIT,02/27/2012,"CVS 03195 03195-- BLOOMI907461  02/25CVS 03195",-17.11
DEBIT,02/27/2012,"MAYS GREENHOUSE BLOOMING        02/25MAYS GREE",-26.91
DEBIT,02/27/2012,"ATM WITHDRAWAL          004090  02/251 E OHIO",-480.00
DSLIP,02/24/2012,"DEPOSIT  ID NUMBER 512988",495.00
DEBIT,02/22/2012,"WITHDRAWAL 02/22",-100.00
CHECK,02/21/2012,"CHECK 9996 ",-451.50
DSLIP,02/17/2012,"DEPOSIT  ID NUMBER 632853",108.95
CREDIT,02/16/2012,"Online Transfer from  SAV ...9034 transaction#: 2530247734",20.00
DEBIT,02/15/2012,"TRANSFER TO SAV XXXXX9034 02/15",-25.00
DEBIT,02/14/2012,"WITHDRAWAL 02/14",-40.00
DEBIT,02/10/2012,"WITHDRAWAL 02/10",-30.00
DSLIP,02/06/2012,"DEPOSIT  ID NUMBER 692741",104.87
DEBIT,01/30/2012,"WITHDRAWAL 01/30",-30.00
DSLIP,01/26/2012,"DEPOSIT  ID NUMBER 598388",59.37
DEBIT,01/24/2012,"TACO BELL/PIZZA HUT2 IND        01/23TACO BELL",-5.20
DEBIT,01/24/2012,"ATM WITHDRAWAL          005769  01/24925 W MIC",-60.00
DSLIP,01/23/2012,"DEPOSIT  ID NUMBER 478271",490.00
DEBIT,01/23/2012,"IUPUI UNION BS# 420 INDI437805  01/23IUPUI UNI",-4.56
CREDIT,01/19/2012,"Online Transfer from  SAV ...9034 transaction#: 2485742269",4.80
DEBIT,01/19/2012,"CHARTWELLS @ I281147 IND        01/12CHARTWELL",-6.17
DEBIT,01/12/2012,"KILROY'S BAR & GRILL IND        01/11KILROY'S",-4.00
DEBIT,01/11/2012,"SUBWAY        001822 IND        01/10SUBWAY",-5.45
CREDIT,01/09/2012,"Online Transfer from  SAV ...9034 transaction#: 2472485094",15.00
DEBIT,01/03/2012,"STARBUCKS CORP000242 IND        01/01STARBUCKS",-5.34
CREDIT,12/27/2011,"Online Transfer from  SAV ...9034 transaction#: 2448545843",20.00
DEBIT,12/27/2011,"HOOPLES TAVERN BREMEN IN        12/24HOOPLES T",-25.25
DSLIP,12/22/2011,"DEPOSIT  ID NUMBER 879686",300.00
CREDIT,12/22/2011,"Online Transfer from  SAV ...9034 transaction#: 2446230749",150.00
DEBIT,12/22/2011,"Online Payment 2446253573 To Gary Brazitis 12/22",-451.50
DEBIT,12/16/2011,"Amazon.com AMZN.COM/BILL        12/15Amazon.co",-28.78
DEBIT,12/16/2011,"CROWN LIQUOR # 9 INDIANA038751  12/15CROWN LIQ",-14.97
DEBIT,12/15/2011,"CROWN LIQUOR # 9 INDIANA        12/13CROWN LIQ",-29.93
DEBIT,12/15/2011,"JIMMY JOHN'S # 732 INDIA        12/13JIMMY JOH",-5.18
DEBIT,12/15/2011,"ASIAN CHAO #F-15 INDIANA        12/14ASIAN CHA",-8.70
DEBIT,12/15/2011,"TRANSFER TO SAV XXXXX9034 12/15",-25.00
DEBIT,12/13/2011,"MARCO'S PIZZA #1205 INDI        12/11MARCO'S P",-17.43
DEBIT,12/12/2011,"CHARTWELLS @ I281147 IND        12/09CHARTWELL",-4.74
DEBIT,12/12/2011,"CHARTWELLS @ I281147 IND        12/09CHARTWELL",-2.09
DEBIT,12/12/2011,"NOODLES & COMPANY 90 IND        12/10NOODLES &",-8.45
DEBIT,12/12/2011,"IUPUI UNION BS# 420 INDI306953  12/10IUPUI UNI",-2.09
DEBIT,12/12/2011,"IUPUI UNION BS# 420 INDI320516  12/10IUPUI UNI",-9.89
DEBIT,12/12/2011,"TACO BELL/PIZZA HUT2 IND        12/10TACO BELL",-6.52
DEBIT,12/12/2011,"EAST STREET 66 INDIANAPO        12/11EAST STRE",-22.47
DEBIT,12/12/2011,"PEPPYS GRILL INDIANAPOLI        12/11PEPPYS GR",-15.65
DEBIT,12/12/2011,"ATM WITHDRAWAL          007341  12/12799 BARNH",-20.00
DEBIT,12/12/2011,"ATM WITHDRAWAL          007342  12/12799 BARNH",-20.00
DEBIT,12/09/2011,"Amazon.com AMZN.COM/BILL        12/09Amazon.co",-31.11
DEBIT,12/09/2011,"Amazon.com AMZN.COM/BILL        12/08Amazon.co",-34.08
DEBIT,12/09/2011,"CHARTWELLS @ I281147 IND        12/08CHARTWELL",-4.99
DEBIT,12/09/2011,"CHARTWELLS @ I281147 IND        12/08CHARTWELL",-1.99
DEBIT,12/08/2011,"GODADDY.COM 480-5058855         12/07GODADDY.C",-12.17
DEBIT,12/08/2011,"CROWN LIQUOR # 9 INDIANA314474  12/07CROWN LIQ",-8.55
DEBIT,12/08/2011,"TACO BELL/PIZZA HUT2 IND        12/07TACO BELL",-5.66
DEBIT,12/05/2011,"CROWN LIQUOR # 9 INDIANA        12/01CROWN LIQ",-23.52
DEBIT,12/05/2011,"STEAK-N-SHAKE#0258 Q IND        12/02STEAK-N-S",-9.13
DEBIT,12/05/2011,"MAURICIOS PIZZERIA INDIA        12/02MAURICIOS",-7.58
DEBIT,12/05/2011,"PANDA EXPRESS #1897 INDI        12/03PANDA EXP",-8.65
DEBIT,12/05/2011,"CROWN LIQUOR # 9 INDIANA200979  12/03CROWN LIQ",-40.63
DEBIT,12/02/2011,"AT&T MOBILITY II LLC IND478925  12/02AT&T MOBI",-29.95
DEBIT,12/01/2011,"SQ *THE NY SLICE Indiana        11/30SQ *THE N",-5.45
DEBIT,12/01/2011,"CHARTWELLS @ I281147 IND        11/30CHARTWELL",-5.40
DEBIT,12/01/2011,"CHARTWELLS @ I281147 IND        11/30CHARTWELL",-2.09
DEBIT,11/30/2011,"BOURBON ST DISTILLER IND        11/29BOURBON S",-14.18
DEBIT,11/29/2011,"GK INC INDIANAPOLIS IN          11/28GK INC IN",-11.00
DEBIT,11/29/2011,"UNIVERSITY PLA131472 IND        11/28UNIVERSIT",-16.00
CHECK,11/29/2011,"CHECK 9995 ",-451.50
DEBIT,11/28/2011,"ALI BABA CAFE LLC INDIAN        11/26ALI BABA",-8.81
DEBIT,11/28/2011,"STEAK-N-SHAKE#0258 Q IND        11/25STEAK-N-S",-9.29
DEBIT,11/28/2011,"REDBOX *DVD RENTAL OAKBR        11/26REDBOX *D",-1.28
DEBIT,11/28/2011,"KILROY'S BAR & GRILL IND        11/28KILROY'S",-13.00
DSLIP,11/25/2011,"DEPOSIT  ID NUMBER 961437",470.00
DEBIT,11/21/2011,"MCDONALD'S F14422 INDIAN        11/19MCDONALD'",-5.12
DEBIT,11/18/2011,"PARKINDY CALE INDIANAPOL        11/16PARKINDY",-0.25
DEBIT,11/18/2011,"PARKINDY CALE INDIANAPOL        11/16PARKINDY",-2.00
DEBIT,11/18/2011,"JIMMY JOHN'S # 732 INDIA        11/16JIMMY JOH",-5.18
DEBIT,11/18/2011,"MARSH #209 INDIANAPOLIS 146012  11/18MARSH #20",-2.77
DEBIT,11/17/2011,"CHARTWELLS @ I281147 IND        11/16CHARTWELL",-1.79
DEBIT,11/17/2011,"CHARTWELLS @ I281147 IND        11/16CHARTWELL",-4.99
DEBIT,11/17/2011,"CHARTWELLS @ I281147 IND        11/16CHARTWELL",-3.78
DEBIT,11/16/2011,"MCDONALD'S M6762 LAFAYET        11/15MCDONALD'",-3.85
DEBIT,11/16/2011,"CIRCLE K 2240 WEST LAFAY        11/15CIRCLE K",-22.02
DEBIT,11/16/2011,"MARSH #209 INDIANAPOLIS 132012  11/16MARSH #20",-19.36
DEBIT,11/15/2011,"SQ *DANIEL KIM Indianapo        11/14SQ *DANIE",-5.00
DEBIT,11/15/2011,"NOODLES & COMPANY 90 IND        11/15NOODLES &",-6.00
DEBIT,11/15/2011,"TRANSFER TO SAV XXXXX9034 11/15",-25.00
DEBIT,11/15/2011,"ATM WITHDRAWAL          003218  11/15115 S COU",-400.00
DEBIT,11/14/2011,"MCDONALD'S F14422 INDIAN        11/09MCDONALD'",-4.90
DEBIT,11/14/2011,"DUNKIN #345866     Q35 C        11/11DUNKIN #3",-5.43
DEBIT,11/14/2011,"SHELL OIL 57442108908 WE        11/11SHELL OIL",-26.35
DEBIT,11/14/2011,"ATM WITHDRAWAL          304758  11/121228 W. P",-20.00
DEBIT,11/14/2011,"BREMEN PANCAKE HOUSE BRE        11/13BREMEN PA",-22.25
DEBIT,11/10/2011,"CHARTWELLS @ I281147 IND        11/09CHARTWELL",-4.48
DEBIT,11/09/2011,"CHARTWELLS @ I281147 IND        11/08CHARTWELL",-3.39
DEBIT,11/09/2011,"PANDA EXPRESS #1897 INDI        11/08PANDA EXP",-7.24
DEBIT,11/09/2011,"TACO BELL/PIZZA HUT2 IND        11/08TACO BELL",-4.23
DEBIT,11/09/2011,"BARNES&NOBLEIUPUI#63 IND        11/08BARNES&NO",-4.12
DEBIT,11/08/2011,"NANTUCKET GRILL SOMERVIL        11/06NANTUCKET",-23.04
DEBIT,11/08/2011,"SUBWAY        00250290 L        11/07SUBWAY",-5.50
DEBIT,11/08/2011,"CHARTWELLS @ I281147 IND        11/07CHARTWELL",-7.47
DEBIT,11/07/2011,"MARATHON PETRO085654 SEV        11/04MARATHON",-7.64
DEBIT,11/07/2011,"MCDONALD'S F3751 WILKES         11/04MCDONALD'",-5.07
DEBIT,11/07/2011,"HESS 21308 CHARLESTOWN M        11/04HESS 2130",-2.11
DEBIT,11/07/2011,"VEND AT COCA COLA 866899        11/04VEND AT C",-1.25
DEBIT,11/07/2011,"SUBWAY SULLIVAN SQ CHARL        11/04SUBWAY SU",-5.00
DEBIT,11/07/2011,"DUNKIN #338940     Q35 B        11/04DUNKIN #3",-11.20
DEBIT,11/07/2011,"URBAN OUTFITTER URBAN CA153314  11/05URBAN OUT",-154.92
DEBIT,11/07/2011,"STARBUCKS CORP00071027 C        11/05STARBUCKS",-4.76
DEBIT,11/07/2011,"HARVARD COOP BK 1400 M C229170  11/05HARVARD C",-31.33
DEBIT,11/07/2011,"SUBWAY HARVARD 0 HARVA C863257  11/05SUBWAY HA",-5.00
DEBIT,11/07/2011,"LA VERDE'S MARKET CAMBRI        11/05LA VERDE'",-15.95
DEBIT,11/07/2011,"NON-CHASE ATM WITHDRAW  853519  11/06*HARVARD",-23.00
DEBIT,11/07/2011,"NON-CHASE ATM FEE-WITH",-2.50
DEBIT,11/04/2011,"LE PEEP RESTAURANT # IND        11/03LE PEEP R",-19.24
DEBIT,11/04/2011,"BARNES&NOBLEIUPUI#63 IND        11/03BARNES&NO",-21.38
DEBIT,11/04/2011,"CHARTWELLS @ I281147 IND        11/03CHARTWELL",-3.38
DEBIT,11/04/2011,"GAUCHO BRA102 BROADWA SO800894  11/04GAUCHO BR",-11.48
CREDIT,11/03/2011,"Online Transfer from  SAV XXXXXX9034 transaction#: 2181454064",1500.00
DEBIT,10/31/2011,"STEAK-N-SHAKE#0258 Q IND        10/28STEAK-N-S",-9.13
DEBIT,10/31/2011,"GAS AMERICA  200002170 A        10/28GAS AMERI",-7.37
DEBIT,10/31/2011,"PILOT         00000281 D        10/28PILOT",-6.42
DEBIT,10/31/2011,"MUNCIE EVA'S BIST MUNCIE        10/29MUNCIE EV",-11.70
DEBIT,10/31/2011,"MCDONALD'S F14422 INDIAN        10/29MCDONALD'",-6.10
DEBIT,10/28/2011,"CHARTWELLS @ I281147 IND        10/27CHARTWELL",-4.78
DEBIT,10/28/2011,"NON-CHASE ATM WITHDRAW  168924  10/282321 Char",-102.50
DEBIT,10/28/2011,"NON-CHASE ATM FEE-WITH",-2.50
DEBIT,10/28/2011,"NON-CHASE ATM FEE-INQ",-2.50
DEBIT,10/27/2011,"SQ *DANIEL KIM Indianapo        10/26SQ *DANIE",-5.00
DEBIT,10/27/2011,"BARNES&NOBLEIUPUI#63 IND        10/26BARNES&NO",-5.78
DEBIT,10/27/2011,"QDOBA MEXICAN GRILL- IND        10/26QDOBA MEX",-9.57
DEBIT,10/26/2011,"CHARTWELLS @ I281147 IND        10/25CHARTWELL",-10.02
DEBIT,10/26/2011,"Online Payment 2251520685 To Gary Brazitis 10/26",-451.50
DEBIT,10/26/2011,"TARGET T2391 TARGET INDI365048  10/26TARGET T2",-21.40
DSLIP,10/25/2011,"DEPOSIT  ID NUMBER 442546",645.00
CREDIT,10/14/2011,"ATM CASH DEPOSIT",20.00
DEBIT,10/11/2011,"CVS 06604 06604-- INDIAN719942  10/08CVS 06604",-2.49
DEBIT,10/03/2011,"CHARTWELLS @ I281147 IND        09/29CHARTWELL",-5.98
DEBIT,10/03/2011,"WAFFLE HOUSE 100018523 D        09/30WAFFLE HO",-6.80
DEBIT,09/30/2011,"HAAGEN DAZS 922 INDIANAP        09/29HAAGEN DA",-7.03
DEBIT,09/30/2011,"PILOT         00000281 D        09/29PILOT",-1.79
DEBIT,09/29/2011,"LE PEEP RESTAURANT # IND        09/28LE PEEP R",-11.72
DEBIT,09/29/2011,"CHARTWELLS @ I281147 IND        09/28CHARTWELL",-5.28
DEBIT,09/28/2011,"CHARTWELLS @ I281147 IND        09/27CHARTWELL",-1.99
DEBIT,09/28/2011,"SCRATCH TRUCK INDIANAPOL        09/27SCRATCH T",-10.36
DEBIT,09/28/2011,"PANDA EXPRESS 1897 INDIA        09/27PANDA EXP",-6.53
DEBIT,09/27/2011,"ADVANCE AUTO PARTS #881         09/25ADVANCE A",-4.05
DEBIT,09/27/2011,"CHARTWELLS @ I281147 IND        09/26CHARTWELL",-7.59
DEBIT,09/26/2011,"TACO BELL/PIZZA HUT2 IND        09/23TACO BELL",-7.50
DEBIT,09/26/2011,"CREATION CAFE INDIANAPOL        09/24CREATION",-13.75
DEBIT,09/26/2011,"Online Payment 2175281154 To Gary Brazitis 09/26",-451.50
DSLIP,09/23/2011,"DEPOSIT  ID NUMBER 169358",500.00
DEBIT,09/23/2011,"CHARTWELLS @ I281147 IND        09/22CHARTWELL",-1.79
DEBIT,09/23/2011,"GOODWILL INDUSTRIES INDI        09/22GOODWILL",-5.30
DEBIT,09/23/2011,"JUST JUDYS 888-4774510 I        09/22JUST JUDY",-9.00
DEBIT,09/22/2011,"PANDA EXPRESS 1897 INDIA        09/21PANDA EXP",-8.06
DEBIT,09/22/2011,"ATM WITHDRAWAL          008239  09/22925 W MIC",-200.00
DEBIT,09/21/2011,"CHARTWELLS @ I281147 IND        09/20CHARTWELL",-6.16
DEBIT,09/21/2011,"TACO BELL/PIZZA HUT2 IND        09/20TACO BELL",-9.01
DEBIT,09/20/2011,"MCDONALD'S F14422 INDIAN        09/19MCDONALD'",-6.53
DEBIT,09/20/2011,"ATM WITHDRAWAL          007245  09/19799 BARNH",-60.00
DEBIT,09/19/2011,"DUNKIN #346291     Q IND        09/16DUNKIN #3",-2.92
DEBIT,09/19/2011,"TACO BELL/PIZZA HUT2 IND        09/16TACO BELL",-5.45
DEBIT,09/19/2011,"ATM WITHDRAWAL          007314  09/171717A W U",-60.00
DEBIT,09/19/2011,"SHELL OIL 57442111209 FI        09/17SHELL OIL",-25.00
DEBIT,09/19/2011,"MCDONALD'S F14422 INDIAN        09/18MCDONALD'",-4.46
DEBIT,09/19/2011,"LE PEEP RESTAURANT # IND        09/18LE PEEP R",-9.92
DEBIT,09/19/2011,"SUBWAY        004354 IND        09/19SUBWAY",-8.33
DEBIT,09/19/2011,"FAMILY DOLLAR #5391 INDI258068  09/19FAMILY DO",-3.75
DEBIT,09/16/2011,"JIMMY JOHN'S # 579 INDIA        09/14JIMMY JOH",-6.32
DEBIT,09/16/2011,"CHARTWELLS @ I281147 IND        09/15CHARTWELL",-7.57
CREDIT,09/15/2011,"Cash Back from Debit Card Bonus Offers",0.20
DEBIT,09/15/2011,"CVS 06549 06549-- INDIAN042454  09/15CVS 06549",-12.07
DSLIP,09/14/2011,"DEPOSIT  ID NUMBER 269335",500.00
DEBIT,09/06/2011,"THE GREAT STEAK + PO IND        09/02THE GREAT",-7.88
CREDIT,09/02/2011,"Online Transfer from  SAV XXXXXX9034 transaction#: 2138225635",18.00
DEBIT,09/02/2011,"Amazon.com AMZN.COM/BILL        09/01Amazon.co",-22.20
DEBIT,09/02/2011,"CHARTWELLS @ I281147 IND        09/01CHARTWELL",-6.65
DEBIT,09/02/2011,"AT&T MOBILITY II LLC IND675002  09/02AT&T MOBI",-48.00
DEBIT,09/01/2011,"RIPPLE BGEL & DELI INDIA        08/31RIPPLE BG",-5.40
DEBIT,08/31/2011,"PARKINDY CALE INDIANAPOL        08/29PARKINDY",-2.80
DEBIT,08/31/2011,"CHARTWELLS @ I281147 IND        08/30CHARTWELL",-1.99
DEBIT,08/30/2011,"SPEEDWAY 03761 IND INDIA        08/29SPEEDWAY",-25.35
DEBIT,08/30/2011,"Online Payment 2153253968 To Gary Brazitis 08/30",-441.50
DEBIT,08/30/2011,"CVS 06549 06549-- INDIAN305568  08/30CVS 06549",-23.61
DEBIT,08/29/2011,"MCDONALD'S F14422 INDIAN        08/26MCDONALD'",-5.34
DEBIT,08/29/2011,"MO'JOE COFFEEHOUSE INDIA        08/26MO'JOE CO",-4.47
DEBIT,08/29/2011,"FRULATTI INDIANAPOLIS IN        08/27FRULATTI",-4.68
DEBIT,08/29/2011,"MO'JOE COFFEEHOUSE INDIA        08/28MO'JOE CO",-4.58
DEBIT,08/29/2011,"QDOBA MEXICAN GRILL- IND        08/28QDOBA MEX",-8.16
DSLIP,08/26/2011,"DEPOSIT  ID NUMBER 378232",490.00
DEBIT,08/26/2011,"CAMPUS CARD PROGRAM INDI        08/25CAMPUS CA",-25.00
DEBIT,08/26/2011,"CROWN LIQUOR # 9 INDIANA        08/25CROWN LIQ",-27.81
DEBIT,08/26/2011,"RALLY'S # 211      Q IND        08/25RALLY'S #",-10.64
DEBIT,08/25/2011,"MO'JOE COFFEEHOUSE INDIA        08/24MO'JOE CO",-20.38
DEBIT,08/25/2011,"MARSH #209 INDIANAPOLIS 204560  08/24MARSH #20",-48.18
DEBIT,08/25/2011,"FAMILY DOLLAR #5391 INDI833777  08/25FAMILY DO",-1.34
DEBIT,08/24/2011,"MCDONALD'S F4407 INDPLS         08/23MCDONALD'",-5.10
DEBIT,08/24/2011,"CHARTWELLS @ I281147 IND        08/23CHARTWELL",-5.94
DEBIT,08/23/2011,"QDOBA MEXICAN GRILL- IND        08/22QDOBA MEX",-7.40
DEBIT,08/22/2011,"AMAZON MKTPLACE PMTS AMZ        08/19AMAZON MK",-78.56
DEBIT,08/22/2011,"JIMMY JOHN'S # 579 INDIA        08/20JIMMY JOH",-4.96
DEBIT,08/22/2011,"MCDONALD'S F14422 INDIAN        08/21MCDONALD'",-4.03
DEBIT,08/19/2011,"RIPPLE BGEL & DELI INDIA        08/17RIPPLE BG",-6.98
DEBIT,08/19/2011,"BLOCKBUSTEREXPRESS INDIA        08/18BLOCKBUST",-1.07
DEBIT,08/19/2011,"AMAZON MKTPLACE PMTS AMZ        08/19AMAZON MK",-84.27
DSLIP,08/18/2011,"DEPOSIT  ID NUMBER  21075",210.00
DEBIT,08/18/2011,"CALIFORNIAPIZZAKIT 3 IND        08/17CALIFORNI",-20.17
DEBIT,08/17/2011,"SHORT STOP GAS101056 IND        08/15SHORT STO",-19.50
DEBIT,08/17/2011,"CVS 06549 06549-- INDIAN454835  08/16CVS 06549",-1.70
DEBIT,08/16/2011,"MCDONALD'S F14422 INDIAN        08/16MCDONALD'",-6.53
DEBIT,08/16/2011,"CVS 06549 06549-- INDIAN636586  08/16CVS 06549",-7.46
DEBIT,08/15/2011,"ATM WITHDRAWAL          555311  08/131228 W. P",-20.00
DEBIT,08/15/2011,"BURGER KING #8665 BREMEN        08/13BURGER KI",-3.84
DEBIT,08/15/2011,"MCDONALD'S F12890 BREMEN        08/14MCDONALD'",-1.07
DEBIT,08/15/2011,"DOLLAR GENERAL 2131 INDI858909  08/15DOLLAR GE",-1.34
DEBIT,08/12/2011,"SCOTTY'S BREWHOUSE INDIA        08/10SCOTTY'S",-14.33
DEBIT,08/11/2011,"CREATION CAFE INDIANAPOL        08/10CREATION",-12.99
DEBIT,08/09/2011,"MARSH #209 INDIANAPOLIS 033206  08/09MARSH #20",-51.84
DEBIT,08/08/2011,"QUIZNOS SUB 5890   Q IND        08/04QUIZNOS S",-8.04
DEBIT,08/08/2011,"SHELL OIL 5744211220 IND        08/05SHELL OIL",-2.13
DEBIT,08/08/2011,"MCDONALD'S F14422 INDIAN        08/06MCDONALD'",-6.52
DEBIT,08/08/2011,"AT&T MOBILITY II LLC IND479014  08/06AT&T MOBI",-193.30
DEBIT,08/08/2011,"JIMMY JOHN'S # 732 INDIA        08/06JIMMY JOH",-4.96
DEBIT,08/08/2011,"SHELL Service Statio IND071535  08/06SHELL Ser",-19.30
DEBIT,08/08/2011,"CVS 06549 06549-- INDIAN634181  08/07CVS 06549",-3.19
DEBIT,08/08/2011,"BURGER KING #5883 INDIAN        08/07BURGER KI",-5.77
DEBIT,08/05/2011,"HOOTERS INDY-DOWNTOW IND        08/04HOOTERS I",-11.19
DSLIP,08/04/2011,"DEPOSIT  ID NUMBER 743712",500.00
DEBIT,08/03/2011,"QDOBA MEXICAN GRILL- IND        08/02QDOBA MEX",-8.92
DEBIT,08/02/2011,"MCDONALD'S F4407 INDPLS         08/01MCDONALD'",-7.07
DSLIP,08/01/2011,"DEPOSIT  ID NUMBER 636168",58.34
CREDIT,08/01/2011,"Online Transfer from  SAV XXXXXX9034 transaction#: 2116436688",100.00
DEBIT,08/01/2011,"MCDONALD'S F6087 INDIANA        07/31MCDONALD'",-16.62
DEBIT,08/01/2011,"BOB FOOD MART INDIANAPOL        07/31BOB FOOD",-23.81
DEBIT,08/01/2011,"MARSH #209 INDIANAPOLIS 297609  08/01MARSH #20",-25.56
CREDIT,07/29/2011,"Online Transfer from  SAV XXXXXX9034 transaction#: 2114485607",300.00
DEBIT,07/29/2011,"SUBWAY        001822 IND        07/28SUBWAY",-5.72
DEBIT,07/29/2011,"MCDONALD'S F12975 INDIAN        07/29MCDONALD'",-3.27
DEBIT,07/29/2011,"Online Payment 2127476418 To Gary Brazitis 07/29",-441.50
DEBIT,07/28/2011,"SUBWAY        001822 IND        07/27SUBWAY",-3.97
DEBIT,07/28/2011,"FAMILY DOLLAR #5391 INDI080221  07/28FAMILY DO",-2.14
DEBIT,07/27/2011,"FUSEKS TRUE VALUE INDIAN983071  07/27FUSEKS TR",-4.90
DEBIT,07/27/2011,"MARSH #209 INDIANAPOLIS 827091  07/27MARSH #20",-83.51
DEBIT,07/26/2011,"POTBELLY'S #503 INDIANAP        07/25POTBELLY'",-14.12
DEBIT,07/25/2011,"JIMMY JOHN'S # 579 INDIA        07/21JIMMY JOH",-4.96
DEBIT,07/25/2011,"SCOTTY'S BREWHOUSE INDIA        07/22SCOTTY'S",-25.47
DEBIT,07/25/2011,"SUN/MOON GARAGE INDIANAP        07/22SUN/MOON",-1.50
DEBIT,07/25/2011,"BUCA DI BEPPO-CASTLE IND        07/23BUCA DI B",-10.00
DEBIT,07/25/2011,"PANDA EXPRESS 1897 INDIA        07/24PANDA EXP",-7.79
DEBIT,07/25/2011,"Online Payment 2123823415 To Gary Brazitis 07/25",-5.00
DEBIT,07/22/2011,"SCOTTY'S BREWHOUSE INDIA        07/20SCOTTY'S",-17.88
DEBIT,07/22/2011,"SPEEDWAY 03761 IND INDIA        07/21SPEEDWAY",-35.92
DEBIT,07/21/2011,"MCDONALD'S F14422 INDIAN        07/20MCDONALD'",-7.29
DEBIT,07/21/2011,"FAMILY DOLLAR #5391 INDI538789  07/21FAMILY DO",-2.68
DEBIT,07/19/2011,"CHARTWELLS @ I281147 IND        07/18CHARTWELL",-7.49
DEBIT,07/19/2011,"TACO BELL/PIZZA HUT2 IND        07/18TACO BELL",-5.44
DEBIT,07/18/2011,"SUBWAY        001822 IND        07/15SUBWAY",-5.72
DEBIT,07/18/2011,"JIMMY JOHN'S # 579 INDIA        07/16JIMMY JOH",-4.96
DEBIT,07/18/2011,"TACO BELL/PIZZA HUT2 IND        07/16TACO BELL",-2.18
DEBIT,07/18/2011,"MARSH #209 INDIANAPOLIS 575160  07/16MARSH #20",-53.52
DEBIT,07/18/2011,"FAMILY DOLLAR #5391 INDI858395  07/18FAMILY DO",-7.42
DEBIT,07/15/2011,"MCDONALD'S F14422 INDIAN        07/14MCDONALD'",-6.53
DEBIT,07/15/2011,"ATM WITHDRAWAL          008933  07/15799 BARNH",-20.00
DEBIT,07/13/2011,"NOODLES & COMPANY 90 IND        07/12NOODLES &",-8.45
DEBIT,07/12/2011,"SUBWAY        001822 IND        07/12SUBWAY",-7.09
DEBIT,07/11/2011,"DICK'S BODACIOUS BAR IND        07/08DICK'S BO",-6.25
DEBIT,07/11/2011,"TACO BELL/PIZZA HUT2 IND        07/09TACO BELL",-6.28
DEBIT,07/11/2011,"SHELL Service Statio IND433622  07/09SHELL Ser",-0.99
DEBIT,07/11/2011,"TACO BELL/PIZZA HUT2 IND        07/09TACO BELL",-4.24
DEBIT,07/11/2011,"PAPA JOHNS 1000 31763272        07/09PAPA JOHN",-6.06
DEBIT,07/11/2011,"MCDONALD'S F14422 INDIAN        07/10MCDONALD'",-5.34
DEBIT,07/11/2011,"SHELL Service Statio IND783065  07/10SHELL Ser",-2.34
DEBIT,07/11/2011,"VILLAGE PANTRY #448 INDI866202  07/10VILLAGE P",-1.49
DEBIT,07/11/2011,"SUBWAY        001822 IND        07/10SUBWAY",-9.54
DEBIT,07/11/2011,"MARSH #209 INDIANAPOLIS 202183  07/11MARSH #20",-29.85
DEBIT,07/08/2011,"LA PIEDAD MEXICAN RE IND        07/06LA PIEDAD",-12.16
DEBIT,07/08/2011,"CHARTWELLS @ I281147 IND        07/07CHARTWELL",-7.69
CHECK,07/08/2011,"CHECK 9991 ",-860.80
DEBIT,07/07/2011,"MARSH #209 INDIANAPOLIS 009794  07/07MARSH #20",-21.01
DEBIT,07/06/2011,"QDOBA MEXICAN GRILL- IND        07/05QDOBA MEX",-8.48
DEBIT,07/05/2011,"SUBWAY        001822 IND        07/01SUBWAY",-7.90
DEBIT,07/05/2011,"RIPPLE BGEL & DELI INDIA        07/02RIPPLE BG",-6.98
DEBIT,07/05/2011,"SCOTTY'S BREWHOUSE INDIA        07/03SCOTTY'S",-13.54
DEBIT,07/01/2011,"HOT BOX PIZZA - DOWN IND        06/30HOT BOX P",-8.67
DEBIT,07/01/2011,"THE HOME DEPOT 2014 INDI936100  07/01THE HOME",-1.05
DEBIT,06/30/2011,"KROGER #001 INDIANAPOLIS        06/29KROGER #0",-64.82
CREDIT,06/27/2011,"Online Transfer from  SAV XXXXXX9034 transaction#: 2092316735",400.00
DEBIT,06/27/2011,"RIVER BEND HOSE SPECI SO        06/23RIVER BEN",-127.72
DEBIT,06/27/2011,"PURDUE PMU RETAIL OP WES        06/24PURDUE PM",-8.96
DEBIT,06/27/2011,"CVS 06549 06549-- INDIAN605156  06/25CVS 06549",-32.55
DEBIT,06/24/2011,"CHIPOTLE 0808 MISHAWAKA         06/23CHIPOTLE",-11.07
DEBIT,06/24/2011,"COMCAST OF INDIANAPO 800        06/24COMCAST O",-221.04
DEBIT,06/24/2011,"MARATHON FOOD MA CRAWFOR364977  06/24MARATHON",-1.06
DEBIT,06/24/2011,"THE HOME DEPOT #8918 CRA735835  06/24THE HOME",-6.96
DEBIT,06/23/2011,"GRAPE ROAD 66 00274423 M        06/22GRAPE ROA",-6.96
DEBIT,06/22/2011,"BREMEN AMOCO BREMEN IN  031354  06/22BREMEN AM",-50.58
DEBIT,06/22/2011,"MACY'S      601 6501 G M049329  06/22MACY'S",-64.19
CREDIT,06/21/2011,"B-1905 RON MEL P DIRDEP                     PPD ID: 1262538297",317.44
DEBIT,06/21/2011,"IDNR FISH & WILDLIFE 317        06/20IDNR FISH",-17.00
DEBIT,06/20/2011,"ARBY'S #1630  00016303 P        06/17ARBY'S #1",-8.32
DEBIT,06/20/2011,"MARTINS SUPER MARKET # N487144  06/18MARTINS S",-21.65
DEBIT,06/16/2011,"JIMMY JOHN'S # 599 MISHA        06/14JIMMY JOH",-4.82
DEBIT,06/16/2011,"BONNIE DOON ICE CREAM MI        06/14BONNIE DO",-2.78
DEBIT,06/16/2011,"CHIPOTLE 0808 MISHAWAKA         06/15CHIPOTLE",-11.34
DEBIT,06/15/2011,"BARNES & NOBLE 2358 MISH        06/14BARNES &",-16.00
DEBIT,06/15/2011,"BEST BUY #325 MISHAWAKA 652853  06/15BEST BUY",-96.30
DEBIT,06/15/2011,"THE VITAMIN SHOPPE  26 M629120  06/15THE VITAM",-51.34
DEBIT,06/14/2011,"BEST BUY #325 MISHAWAKA 610157  06/14BEST BUY",-85.59
DEBIT,06/10/2011,"MCDONALD'S F2612 CRANFOR        06/09MCDONALD'",-13.32
DEBIT,06/10/2011,"LITTLE CAESARS 1905 CRAW        06/09LITTLE CA",-5.98
DEBIT,06/10/2011,"ATM WITHDRAWAL          006177  06/102302 CUNN",-100.00
DEBIT,06/09/2011,"MARATHON OIL 162875 CRAW        06/08MARATHON",-34.87
DEBIT,06/08/2011,"DARI-LICIOUS - CRAW CRAW        06/06DARI-LICI",-6.63
DEBIT,06/08/2011,"STAPLES       001052 CRA        06/07STAPLES",-18.01
DEBIT,06/08/2011,"KROGER US 231 & S BL CRA826787  06/07KROGER US",-13.09
CREDIT,06/07/2011,"B-1905 RON MEL P DIRDEP                     PPD ID: 1262538297",372.19
DEBIT,06/07/2011,"SUBWAY        00369223 B        06/06SUBWAY",-14.64
DEBIT,06/06/2011,"LITTLE CAESARS 1905 CRAW        06/03LITTLE CA",-1.53
DEBIT,06/06/2011,"FREEDOM EXPRESS #3 BOURB        06/04FREEDOM E",-19.65
DEBIT,06/03/2011,"LITTLE CAESARS 1905 CRAW        06/02LITTLE CA",-1.70
DEBIT,06/03/2011,"Staples, Inc. CRAWFORDSV089598  06/03Staples,",-14.76
DEBIT,06/03/2011,"Staples, Inc. CRAWFORDSV749592  06/03Staples,",-10.91
DEBIT,06/03/2011,"WALMART #1655 CRAWFORDSV445477  06/03WALMART #",-30.79
DEBIT,06/02/2011,"KROGER US 231 & S BL CRA748893  06/01KROGER US",-27.17
DEBIT,05/31/2011,"DAIRY QUEEN #11765 CRAWF        05/28DAIRY QUE",-13.12
DEBIT,05/31/2011,"KROGER 5718 CRAWFORD IND        05/28KROGER 57 Purchase $2.13 Cash Back $80.00",-82.13
DEBIT,05/31/2011,"KROGER 5718 CRAWFORDSV S242321  05/28KROGER 57",-40.32
DEBIT,05/31/2011,"KROGER #500 INDIANAPOLIS        05/29KROGER #5",-11.49
DEBIT,05/27/2011,"BUFFALO WILD WINGS CRAWF        05/25BUFFALO W",-17.95
DEBIT,05/26/2011,"THE FORUM CRAWFORDSVILL         05/25THE FORUM",-13.35
DEBIT,05/26/2011,"WALMART #1655 CRAWFORDSV528135  05/26WALMART #",-26.23
DEBIT,05/25/2011,"TACO BELL 327 CRAWFORDSV        05/25TACO BELL",-5.86
CREDIT,05/24/2011,"B-1905 RON MEL P DIRDEP                     PPD ID: 1262538297",416.42
DEBIT,05/23/2011,"ARBY'S 7969   00079699 D        05/21ARBY'S 79",-7.48
DEBIT,05/23/2011,"THE VITAMIN SHOPPE #44 L767811  05/21THE VITAM",-51.35
DEBIT,05/23/2011,"LITTLE CAESARS 1905 CRAW        05/21LITTLE CA",-1.70
DEBIT,05/23/2011,"WALMART #1655 CRAWFORDSV780985  05/22WALMART #",-17.00
DEBIT,05/23/2011,"LITTLE CAESARS 1905 CRAW        05/22LITTLE CA",-1.70
DEBIT,05/20/2011,"DOLLAR-GENERAL 1410 W BR223600  05/20DOLLAR-GE",-12.04
DEBIT,05/20/2011,"EXPRESS LLC MISHAWAKA IN401565  05/20EXPRESS L",-42.69
DEBIT,05/20/2011,"PACSUN MISHAWAKA IN     652297  05/20PACSUN MI",-58.32
DEBIT,05/19/2011,"CHIC SALON 800-0000000 I        05/18CHIC SALO",-15.00
DEBIT,05/19/2011,"ARBY'S #5852  000585 CRA        05/18ARBY'S #5",-8.33
DEBIT,05/18/2011,"STAPLES       001052 CRA        05/17STAPLES",-12.04
DEBIT,05/18/2011,"STEAK-N-SHAKE#0653 Q CRA        05/17STEAK-N-S",-12.95
DEBIT,05/18/2011,"WALMART #1655 CRAWFORDSV631829  05/18WALMART #",-18.37
DEBIT,05/18/2011,"FAMILY EXPRESS #43 LAFAY017886  05/18FAMILY EX",-50.99
DEBIT,05/17/2011,"STAPLES       001052 CRA        05/16STAPLES",-15.79
DEBIT,05/16/2011,"MARATHON OIL 162875 CRAW        05/13MARATHON",-58.58
DEBIT,05/13/2011,"SUBWAY        001414 CRA        05/12SUBWAY",-7.76
DEBIT,05/13/2011,"RMD 2187 CRAWFORDSVILL I339671  05/12RMD 2187",-3.20
DEBIT,05/13/2011,"ATM WITHDRAWAL          009010  05/132302 CUNN",-40.00
DEBIT,05/12/2011,"JIMMY JOHN'S # 579 INDIA        05/10JIMMY JOH",-4.96
DEBIT,05/11/2011,"BARNES&NOBLEIUPUI#63 IND        05/10BARNES&NO",-55.80
DEBIT,05/11/2011,"Wal-Mart Super Cente CRA993328  05/10Wal-Mart",-29.35
CREDIT,05/10/2011,"B-1905 RON MEL P DIRDEP                     PPD ID: 1262538297",664.11
DEBIT,05/10/2011,"JAGS CAR WASH INC CRAWFO        05/07JAGS CAR",-1.50
DEBIT,05/10/2011,"THE BIG DIPPER LADOGA IN        05/08THE BIG D",-6.62
DEBIT,05/10/2011,"LITTLE MEXICO # 1 765-36        05/08LITTLE ME",-26.17
DEBIT,05/09/2011,"STAPLES       001052 CRA        05/06STAPLES",-12.52
DEBIT,05/05/2011,"QUICK VIDEO SOUTH BEND I        05/03QUICK VID",-6.42
DEBIT,05/05/2011,"RMD 2187 CRAWFORDSVILL I376676  05/05RMD 2187",-1.92
DEBIT,05/05/2011,"KROGER US 231 & S BL CRA330374  05/05KROGER US",-52.28
DEBIT,05/04/2011,"FAMILY EXPRESS #43 LAFAY        05/02FAMILY EX",-3.39
DEBIT,05/04/2011,"THE ITALIAN COFFEE BAR B        05/03THE ITALI",-15.25
DEBIT,05/04/2011,"THE ITALIAN COFFEE BAR B        05/03THE ITALI",-3.20
DEBIT,05/04/2011,"FREEDOM EXPRESS BOURBON 156097  05/04FREEDOM E",-1.06
DEBIT,05/04/2011,"WAL-MART #1547 LAFAYETTE703164  05/04WAL-MART",-18.06
DEBIT,05/03/2011,"ARBY'S #5852  000585 CRA        05/01ARBY'S #5",-6.41
DEBIT,05/03/2011,"STEAK-N-SHAKE#0653 Q CRA        05/02STEAK-N-S",-14.73
DEBIT,05/02/2011,"SUBWAY        000581 CRA        04/28SUBWAY",-8.81
DEBIT,05/02/2011,"WENDY'S #4         Q CRA        04/29WENDY'S #",-6.58
DEBIT,05/02/2011,"LITTLE CAESARS 1905 CRAW        04/29LITTLE CA",-1.70
DEBIT,05/02/2011,"CULVER'S #356 CRAWFORDSV        04/30CULVER'S",-10.57
DEBIT,05/02/2011,"SHELL OIL 5744182930 CRA        05/01SHELL OIL",-58.67
DEBIT,05/02/2011,"Online Payment 1094492923 To COMCAST 05/02",-110.51
DEBIT,04/28/2011,"SUBWAY        000581 CRA        04/26SUBWAY",-9.36
DEBIT,04/28/2011,"DARI-LICIOUS - CRAW CRAW        04/26DARI-LICI",-6.47
DEBIT,04/27/2011,"SUBWAY        001414 CRA        04/25SUBWAY",-3.21
CREDIT,04/26/2011,"B-1905 RON MEL P DIRDEP                     PPD ID: 1262538297",403.28
DEBIT,04/26/2011,"WABASH CITGO CRAWFORDSVI        04/24WABASH CI",-10.24
DEBIT,04/26/2011,"STEAK-N-SHAKE#0653 Q CRA        04/25STEAK-N-S",-11.73
DEBIT,04/25/2011,"BUFFALO WILD WINGS CRAWF        04/21BUFFALO W",-12.62
DEBIT,04/25/2011,"SUBWAY        001414 CRA        04/22SUBWAY",-3.48
DEBIT,04/25/2011,"SUBWAY        001414 CRA        04/23SUBWAY",-4.82
DEBIT,04/21/2011,"LITTLE CAESARS 1905 CRAW        04/20LITTLE CA",-1.70
DEBIT,04/20/2011,"LITTLE CAESARS 1905 CRAW        04/19LITTLE CA",-2.00
DEBIT,04/20/2011,"SUPER CHINA BUFFET CRAWF        04/19SUPER CHI",-7.87
DEBIT,04/19/2011,"JIMMY JOHN'S # 98 INDIAN        04/17JIMMY JOH",-6.32
DEBIT,04/19/2011,"KROGER US 231 & S BL CRA259444  04/19KROGER US",-77.13
DEBIT,04/19/2011,"WALMART #1655 CRAWFORDSV892416  04/19WALMART #",-9.74
DEBIT,04/18/2011,"SUBWAY        001414 CRA        04/14SUBWAY",-7.06
DEBIT,04/18/2011,"MCDONALD'S F2612 CRANFOR        04/15MCDONALD'",-6.82
DEBIT,04/18/2011,"CHIPOTLE 0571 INDIANAPOL        04/15CHIPOTLE",-9.54
DEBIT,04/18/2011,"FINISH LINE FINISH LIN M642360  04/16FINISH LI",-13.90
DEBIT,04/18/2011,"SHELL Service Station SP086593  04/18SHELL Ser",-54.01
DEBIT,04/15/2011,"DARI-LICIOUS - CRAW CRAW        04/13DARI-LICI",-5.94
DEBIT,04/15/2011,"WITHDRAWAL 04/15",-200.00
DEBIT,04/14/2011,"DAIRY QUEEN #11765 CRAWF        04/12DAIRY QUE",-9.11
DEBIT,04/14/2011,"Wal-Mart Super Cente CRA237846  04/14Wal-Mart",-31.97
CREDIT,04/12/2011,"B-1905 RON MEL P DIRDEP                     PPD ID: 1262538297",483.34
DEBIT,04/11/2011,"CULVER'S #356 CRAWFORDSV        04/08CULVER'S",-5.87
DEBIT,04/11/2011,"WALMART #1655 CRAWFORDSV717891  04/08WALMART #",-58.44
DEBIT,04/11/2011,"SHELL Service Statio CRA028519  04/08SHELL Ser",-52.69
DEBIT,04/11/2011,"Wal-Mart Super Cente CRA442188  04/11Wal-Mart",-77.11
DEBIT,04/08/2011,"SUBWAY        000581 CRA        04/06SUBWAY",-9.30
DEBIT,04/08/2011,"LITTLE CAESARS 1905 CRAW        04/07LITTLE CA",-1.70
DEBIT,04/04/2011,"DAIRY QUEEN #11765 CRAWF        03/31DAIRY QUE",-7.88
DEBIT,04/04/2011,"DARI-LICIOUS - CRAW CRAW        04/01DARI-LICI",-9.26
DEBIT,04/04/2011,"TACO BELL #497000497 IND        04/02TACO BELL",-7.59
DEBIT,04/04/2011,"KROGER US 231 & S BL CRA600489  04/02KROGER US",-40.83
DEBIT,04/04/2011,"STEAK-N-SHAKE#0653 Q CRA        04/03STEAK-N-S",-3.20
DEBIT,03/31/2011,"TACO BELL 327 CRAWFORDSV        03/30TACO BELL",-4.46
CREDIT,03/29/2011,"B-1905 RON MEL P DIRDEP                     PPD ID: 1262538297",550.52
DEBIT,03/28/2011,"SUBWAY        003896 CRA        03/26SUBWAY",-7.47
DEBIT,03/28/2011,"WITHDRAWAL 03/28",-60.00
DEBIT,03/22/2011,"SUBWAY        003896 CRA        03/20SUBWAY",-7.23
DEBIT,03/22/2011,"TROPICAL TAN CRAWFORDSVI        03/20TROPICAL",-78.09
DEBIT,03/21/2011,"CULVER'S #356 CRAWFORDSV        03/18CULVER'S",-6.94
DEBIT,03/21/2011,"Wal-Mart Super Cente CRA233412  03/20Wal-Mart",-21.42
DEBIT,03/21/2011,"COUNTY MARKET EXPRES CRA058494  03/20COUNTY MA",-50.56
DEBIT,03/21/2011,"Online Payment 1061065865 To COMCAST 03/21",-75.14
DEBIT,03/21/2011,"ATM WITHDRAWAL          005389  03/21799 BARNH",-100.00
DEBIT,03/18/2011,"BUFFALO WILD WINGS CRAWF        03/16BUFFALO W",-12.83
DEBIT,03/17/2011,"MICHAELS FAMILY REST CRA        03/15MICHAELS",-10.41
DEBIT,03/17/2011,"LITTLE CAESARS 1905 CRAW        03/16LITTLE CA",-2.50
DEBIT,03/16/2011,"MARATHON OIL 162875 CRAW        03/14MARATHON",-49.63
CREDIT,03/15/2011,"B-1905 RON MEL P DIRDEP                     PPD ID: 1262538297",423.54
DEBIT,03/15/2011,"SUBWAY        001414 CRA        03/13SUBWAY",-5.78
DEBIT,03/15/2011,"RIPPLE BGEL & DELI INDIA        03/14RIPPLE BG",-6.55
DEBIT,03/14/2011,"BUFFALO WILD WINGS CRAWF        03/12BUFFALO W",-11.76
DEBIT,03/14/2011,"WALMART #1655 CRAWFORDSV701314  03/12WALMART #",-13.92
DEBIT,03/11/2011,"KROGER US 231 & S BL CRA343905  03/10KROGER US",-22.25
DEBIT,03/08/2011,"PILOT         000024 CRA        03/06PILOT",-5.50
DEBIT,03/07/2011,"HEAD LINES LLC/1056 INDI376332  03/06HEAD LINE",-9.62
DEBIT,03/04/2011,"ATM WITHDRAWAL          003545  03/041550 S WA",-100.00
DEBIT,03/03/2011,"Online Payment 1046372600 To COMCAST 03/03",-75.14
DEBIT,03/02/2011,"TACO BELL 327 CRAWFORDSV        03/01TACO BELL",-4.57
CREDIT,03/01/2011,"B-1905 RON MEL P DIRDEP                     PPD ID: 1262538297",586.93
DEBIT,03/01/2011,"CHINA GARDEN CRAWFORDSVI        02/26CHINA GAR",-6.69
DEBIT,02/28/2011,"MARATHON FOOD MA CRAWFOR356029  02/28MARATHON",-3.28
DEBIT,02/23/2011,"WITHDRAWAL 02/23",-100.00
DEBIT,02/22/2011,"CHINA GARDEN CRAWFORDSVI        02/19CHINA GAR",-6.69
DEBIT,02/22/2011,"CULVER'S #356 CRAWFORDSV        02/21CULVER'S",-7.16
DEBIT,02/22/2011,"GAMESTOP 6618 1891 U CRA421742  02/21GAMESTOP",-64.19
DEBIT,02/22/2011,"Wal-Mart Super Cente CRA207542  02/22Wal-Mart",-15.69
DEBIT,02/18/2011,"LITTLE CAESARS 1905 CRAW        02/17LITTLE CA",-1.70
DEBIT,02/17/2011,"IND SECRETARY OF STA 317        02/15IND SECRE",-82.62
DEBIT,02/17/2011,"WWW.INMOTIONHOSTING. 888        02/16WWW.INMOT",-142.80
DEBIT,02/17/2011,"Wal-Mart Super Cente CRA407572  02/17Wal-Mart",-30.73
DEBIT,02/16/2011,"GODADDY.COM 480-5058855         02/15GODADDY.C",-29.32
DEBIT,02/16/2011,"Wal-Mart Super Cente CRA725600  02/16Wal-Mart",-145.60
CREDIT,02/15/2011,"B-1905 RON MEL P DIRDEP                     PPD ID: 1262538297",740.79
DEBIT,02/15/2011,"MICHAELS FAMILY REST CRA        02/11MICHAELS",-7.42
DEBIT,02/15/2011,"Wal-Mart Super Cente CRA114132  02/15Wal-Mart",-25.85
DEBIT,02/14/2011,"SUBWAY        001414 CRA        02/10SUBWAY",-8.33
DEBIT,02/14/2011,"BURGER KING #9742 CRAWFO        02/11BURGER KI",-7.36
DEBIT,02/14/2011,"BP ATLAS 63 LOGANSPORT I        02/11BP ATLAS",-44.17
DEBIT,02/14/2011,"CHARLEY'S GRILLED SUBS M        02/12CHARLEY'S",-8.86
DEBIT,02/14/2011,"MCDONALD'S F20393 LOGANS        02/13MCDONALD'",-5.08
DEBIT,02/11/2011,"LONG JOHN SILVERS  Q CRA        02/09LONG JOHN",-7.04
DEBIT,02/11/2011,"LITTLE CAESARS 1905 CRAW        02/10LITTLE CA",-1.27
DEBIT,02/10/2011,"BUFFALO WILD WINGS CRAWF        02/08BUFFALO W",-17.72
DEBIT,02/09/2011,"MCDONALD'S F2612 CRANFOR        02/08MCDONALD'",-6.41
DEBIT,02/09/2011,"MARATHON OIL 162875 CRAW        02/08MARATHON",-18.49
DEBIT,02/09/2011,"Wal-Mart Super Cente CRA117447  02/08Wal-Mart",-14.59
DEBIT,02/09/2011,"Online Transfer to  SAV XXXXXX9034 transaction#: 2000371407 02/09",-1000.00
DEBIT,02/08/2011,"MICHAELS FAMILY REST CRA        02/06MICHAELS",-10.43
DEBIT,02/08/2011,"CHINA GARDEN CRAWFORDSVI        02/06CHINA GAR",-6.69
DEBIT,02/08/2011,"TACO BELL 327 CRAWFORDSV        02/07TACO BELL",-4.35
DEBIT,02/07/2011,"GAS AMERICA #57 CRAWFORD329031  02/05GAS AMERI",-11.12
DEBIT,02/04/2011,"NON-CHASE ATM FEE-INQ",-2.00
DEBIT,02/03/2011,"Online Payment 1022619759 To COMCAST 02/03",-75.14
CREDIT,02/01/2011,"B-1905 RON MEL P DIRDEP                     PPD ID: 1262538297",600.23
DEBIT,01/28/2011,"WITHDRAWAL 01/28",-120.00
DEBIT,01/24/2011,"WITHDRAWAL 01/24",-120.00
DEBIT,01/21/2011,"MAC'S 0072         Q IND        01/19MAC'S 007",-42.34
DSLIP,01/18/2011,"DEPOSIT  ID NUMBER 542033",874.31
DEBIT,01/18/2011,"CULVER'S #356 CRAWFORDSV        01/14CULVER'S",-8.01
DEBIT,01/18/2011,"WALMART #1655 CRAWFORDSV111462  01/16WALMART #",-108.99
DEBIT,01/11/2011,"LONG JOHN SILVERS  Q CRA        01/09LONG JOHN",-8.00
DEBIT,01/11/2011,"MCDONALD'S F2612 CRANFOR        01/10MCDONALD'",-3.72
DEBIT,01/10/2011,"CHINA GARDEN CRAWFORDSVI        01/07CHINA GAR",-8.56
DEBIT,01/10/2011,"LITTLE CAESARS 1905 CRAW        01/07LITTLE CA",-1.70
DEBIT,01/10/2011,"MCDONALD'S F2612 CRANFOR        01/08MCDONALD'",-5.66
DEBIT,01/10/2011,"DAIRY QUEEN #11765 CRAWF        01/08DAIRY QUE",-5.87
DEBIT,01/07/2011,"LONG JOHN SILVERS  Q CRA        01/05LONG JOHN",-6.30
DEBIT,01/07/2011,"MARATHON OIL 130963 CRAW        01/06MARATHON",-42.15
DEBIT,01/06/2011,"WALMART #1655 CRAWFORDSV845852  01/06WALMART #",-37.09
